DepartmentType,PlannedHeadCount
IT/IS,5001
IT/IS,5002
IT/IS,5003
IT/IS,5004
IT/IS,5005
IT/IS,5006
IT/IS,5007
IT/IS,5008
IT/IS,5009
IT/IS,5010
IT/IS,5011
IT/IS,5012
IT/IS,5013
IT/IS,5014
IT/IS,5015
IT/IS,5016
IT/IS,5017
IT/IS,5018
IT/IS,5019
IT/IS,5020
Software Engineering,5021
Software Engineering,5022
Software Engineering,5023
Software Engineering,5024
Software Engineering,5025
Software Engineering,5026
Software Engineering,5027
Software Engineering,5028
Software Engineering,5029
Software Engineering,5030
Software Engineering,5031
Software Engineering,5032
Software Engineering,5033
Software Engineering,5034
Software Engineering,5035
Software Engineering,5036
Software Engineering,5037
Software Engineering,5038
Software Engineering,5039
Software Engineering,5040
Sales,5041
Sales,5042
Sales,5043
Sales,5044
Sales,5045
Sales,5046
Sales,5047
Sales,5048
Sales,5049
Sales,5050
Sales,5051
Sales,5052
Sales,5053
Sales,5054
Sales,5055
Sales,5056
Sales,5057
Sales,5058
Sales,5059
Sales,5060
Admin Offices,5061
Admin Offices,5062
Admin Offices,5063
Admin Offices,5064
Admin Offices,5065
Admin Offices,5066
Admin Offices,5067
Admin Offices,5068
Admin Offices,5069
Admin Offices,5070
Executive Office,5071
Executive Office,5072
Executive Office,5073
Executive Office,5074
Executive Office,5075
Production,5076
Production,5077
Production,5078
Production,5079
Production,5080
IT/IS,5081
IT/IS,5082
IT/IS,5083
IT/IS,5084
IT/IS,5085
Software Engineering,5086
Software Engineering,5087
Software Engineering,5088
Software Engineering,5089
Software Engineering,5090
Sales,5091
Sales,5092
Sales,5093
Sales,5094
Sales,5095
Admin Offices,5096
Admin Offices,5097
Admin Offices,5098
Admin Offices,5099
Admin Offices,5100
Executive Office,5101
Production,5102
IT/IS,5103
IT/IS,5104
IT/IS,5105
Software Engineering,5106
Software Engineering,5107
Software Engineering,5108
Sales,5109
Sales,5110
Sales,5111
Admin Offices,5112
Admin Offices,5113
Executive Office,5114
Production,5115
IT/IS,5116
IT/IS,5117
Software Engineering,5118
Software Engineering,5119
Sales,5120
Sales,5121
Admin Offices,5122
Executive Office,5123
Production,5124
IT/IS,5125
Software Engineering,5126
Sales,5127
Admin Offices,5128
Executive Office,5129
Production,5130
DepartmentType,EmpID
Production,3427
Production,3428
Sales,3429
Sales,3430
Sales,3431
Sales,3432
Sales,3433
Sales,3434
Sales,3435
Sales,3436
Sales,3437
Sales,3438
Sales,3439
Sales,3440
Sales,3441
IT/IS,3442
IT/IS,3443
Sales,3444
Sales,3445
Sales,3446
Sales,3447
Sales,3448
Sales,3449
Sales,3450
Sales,3451
Sales,3452
Sales,3453
IT/IS,3454
Sales,3455
Sales,3456
Sales,3457
Sales,3458
Sales,3459
Sales,3460
Sales,3461
Sales,3462
Sales,3463
Sales,3464
Sales,3465
IT/IS,3466
Sales,3467
Sales,3468
Sales,3469
Sales,3470
Sales,3471
Sales,3472
Sales,3473
Sales,3474
Sales,3475
Sales,3476
IT/IS,3477
Sales,3478
Sales,3479
Sales,3480
Sales,3481
Sales,3482
Sales,3483
Sales,3484
Sales,3485
Sales,3486
Sales,3487
Sales,3488
Sales,3489
Sales,3490
Sales,3491
Sales,3492
Sales,3493
Sales,3494
Sales,3495
Sales,3496
Sales,3497
Sales,3498
Sales,3499
Sales,3500
Sales,3501
Sales,3502
Sales,3503
Sales,3504
Sales,3505
Sales,3506
Sales,3507
Sales,3508
Sales,3509
Sales,3510
Sales,3511
Sales,3512
Sales,3513
Sales,3514
Sales,3515
Sales,3516
Sales,3517
Sales,3518
Sales,3519
Sales,3520
Sales,3521
Sales,3522
Sales,3523
Sales,3524
Sales,3525
Sales,3526
Sales,3527
Sales,3528
Sales,3529
Sales,3530
Sales,3531
IT/IS,3532
Sales,3533
Sales,3534
Sales,3535
Sales,3536
Sales,3537
Sales,3538
Sales,3539
Sales,3540
Sales,3541
Sales,3542
Sales,3543
Sales,3544
IT/IS,3545
Sales,3546
Sales,3547
Sales,3548
Sales,3549
Sales,3550
Sales,3551
Sales,3552
Sales,3553
Sales,3554
Sales,3555
Sales,3556
Sales,3557
Production,3558
Production,3559
Production,3560
Production,3561
Production,3562
Production,3563
Production,3564
Production,3565
Production,3566
Production,3567
Production,3568
Production,3569
Production,3570
Production,3571
Production,3572
Production,3573
Production,3574
Production,3575
Production,3576
Production,3577
Production,3578
Production,3579
Production,3580
Production,3581
Production,3582
Production,3583
Production,3584
Production,3585
Production,3586
Production,3587
Production,3588
Production,3589
Production,3590
Production,3591
Production,3592
Production,3593
Production,3594
Production,3595
Production,3596
Production,3597
Production,3598
Production,3599
Production,3600
Production,3601
Production,3602
Production,3603
Production,3604
Production,3605
Production,3606
Production,3607
Production,3608
Production,3609
Production,3610
Production,3611
Production,3612
Production,3613
Production,3614
Production,3615
Production,3616
Production,3617
Production,3618
Production,3619
Production,3620
Production,3621
Production,3622
Production,3623
Production,3624
Production,3625
Production,3626
Production,3627
Production,3628
Production,3629
Production,3630
Production,3631
Production,3632
Production,3633
Production,3634
Production,3635
Production,3636
Production,3637
Production,3638
Production,3639
Production,3640
Production,3641
Production,3642
Production,3643
Production,3644
Production,3645
Production,3646
Production,3647
Production,3648
Production,3649
Production,3650
Production,3651
Production,3652
Production,3653
Production,3654
Production,3655
Production,3656
Production,3657
Production,3658
Production,3659
Production,3660
Production,3661
Production,3662
Production,3663
Production,3664
Production,3665
Production,3666
Production,3667
Production,3668
Production,3669
Production,3670
Production,3671
Production,3672
Production,3673
Production,3674
Production,3675
Production,3676
Production,3677
Production,3678
Production,3679
Production,3680
Production,3681
Production,3682
Production,3683
Production,3684
Production,3685
Production,3686
Production,3687
Production,3688
Production,3689
Production,3690
Production,3691
Production,3692
Production,3693
Production,3694
Production,3695
Production,3696
Production,3697
Production,3698
Production,3699
Production,3700
Production,3701
Production,3702
Production,3703
Production,3704
Production,3705
Production,3706
Production,3707
Production,3708
Production,3709
Production,3710
Production,3711
Production,3712
Production,3713
Production,3714
Production,3715
Production,3716
Production,3717
Production,3718
Production,3719
Production,3720
Production,3721
Production,3722
Production,3723
Production,3724
Production,3725
Production,3726
Production,3727
Production,3728
Production,3729
Production,3730
Production,3731
Production,3732
Production,3733
Production,3734
Production,3735
Production,3736
Production,3737
Production,3738
Production,3739
Production,3740
Production,3741
Production,3742
Production,3743
Production,3744
Production,3745
Production,3746
Production,3747
Production,3748
Production,3749
Production,3750
Production,3751
Production,3752
Production,3753
Production,3754
Production,3755
Production,3756
Production,3757
Production,3758
Production,3759
Production,3760
Production,3761
Production,3762
Production,3763
Production,3764
Production,3765
Production,3766
Production,3767
Production,3768
Production,3769
Production,3770
Production,3771
Production,3772
Production,3773
Production,3774
Production,3775
Production,3776
Production,3777
Production,3778
Production,3779
Production,3780
Production,3781
Production,3782
Production,3783
Production,3784
Production,3785
Production,3786
Production,3787
Production,3788
Production,3789
Production,3790
Production,3791
Production,3792
Production,3793
Production,3794
Production,3795
Production,3796
Production,3797
Production,3798
Production,3799
Production,3800
Production,3801
Production,3802
Production,3803
Production,3804
Production,3805
Production,3806
Production,3807
IT/IS,3808
IT/IS,3809
IT/IS,3810
IT/IS,3811
IT/IS,3812
IT/IS,3813
IT/IS,3814
IT/IS,3815
IT/IS,3816
IT/IS,3817
IT/IS,3818
IT/IS,3819
IT/IS,3820
IT/IS,3821
Executive Office,3822
Executive Office,3823
IT/IS,3824
IT/IS,3825
IT/IS,3826
IT/IS,3827
IT/IS,3828
IT/IS,3829
IT/IS,3830
IT/IS,3831
IT/IS,3832
Executive Office,3833
Executive Office,3834
IT/IS,3835
IT/IS,3836
IT/IS,3837
IT/IS,3838
IT/IS,3839
IT/IS,3840
IT/IS,3841
IT/IS,3842
IT/IS,3843
Executive Office,3844
Executive Office,3845
IT/IS,3846
IT/IS,3847
IT/IS,3848
IT/IS,3849
IT/IS,3850
IT/IS,3851
IT/IS,3852
IT/IS,3853
Executive Office,3854
Executive Office,3855
Executive Office,3856
IT/IS,3857
IT/IS,3858
IT/IS,3859
IT/IS,3860
IT/IS,3861
IT/IS,3862
IT/IS,3863
IT/IS,3864
Production,3865
Executive Office,3866
Executive Office,3867
IT/IS,3868
IT/IS,3869
IT/IS,3870
IT/IS,3871
IT/IS,3872
IT/IS,3873
IT/IS,3874
IT/IS,3875
IT/IS,3876
Executive Office,3877
Executive Office,3878
IT/IS,3879
IT/IS,3880
IT/IS,3881
IT/IS,3882
IT/IS,3883
IT/IS,3884
IT/IS,3885
IT/IS,3886
IT/IS,3887
IT/IS,3888
Executive Office,3889
IT/IS,3890
IT/IS,3891
IT/IS,3892
IT/IS,3893
IT/IS,3894
IT/IS,3895
IT/IS,3896
IT/IS,3897
IT/IS,3898
IT/IS,3899
IT/IS,3900
Executive Office,3901
Executive Office,3902
IT/IS,3903
IT/IS,3904
IT/IS,3905
IT/IS,3906
IT/IS,3907
IT/IS,3908
IT/IS,3909
IT/IS,3910
IT/IS,3911
IT/IS,3912
IT/IS,3913
Executive Office,3914
IT/IS,3915
IT/IS,3916
IT/IS,3917
IT/IS,3918
IT/IS,3919
IT/IS,3920
IT/IS,3921
IT/IS,3922
IT/IS,3923
IT/IS,3924
IT/IS,3925
IT/IS,3926
Executive Office,3927
IT/IS,3928
IT/IS,3929
IT/IS,3930
IT/IS,3931
IT/IS,3932
IT/IS,3933
IT/IS,3934
IT/IS,3935
IT/IS,3936
IT/IS,3937
IT/IS,3938
IT/IS,3939
IT/IS,3940
IT/IS,3941
IT/IS,3942
IT/IS,3943
IT/IS,3944
IT/IS,3945
IT/IS,3946
IT/IS,3947
IT/IS,3948
IT/IS,3949
IT/IS,3950
IT/IS,3951
IT/IS,3952
IT/IS,3953
IT/IS,3954
IT/IS,3955
IT/IS,3956
IT/IS,3957
IT/IS,3958
IT/IS,3959
IT/IS,3960
IT/IS,3961
IT/IS,3962
IT/IS,3963
IT/IS,3964
IT/IS,3965
Software Engineering,3966
IT/IS,3967
IT/IS,3968
IT/IS,3969
IT/IS,3970
IT/IS,3971
IT/IS,3972
IT/IS,3973
IT/IS,3974
IT/IS,3975
IT/IS,3976
IT/IS,3977
IT/IS,3978
IT/IS,3979
IT/IS,3980
IT/IS,3981
IT/IS,3982
IT/IS,3983
IT/IS,3984
IT/IS,3985
IT/IS,3986
IT/IS,3987
IT/IS,3988
IT/IS,3989
IT/IS,3990
IT/IS,3991
IT/IS,3992
IT/IS,3993
IT/IS,3994
IT/IS,3995
IT/IS,3996
IT/IS,3997
IT/IS,3998
IT/IS,3999
IT/IS,4000
Software Engineering,4001
Software Engineering,4002
Software Engineering,4003
Software Engineering,4004
Software Engineering,4005
Software Engineering,4006
Software Engineering,4007
Software Engineering,4008
Software Engineering,4009
Software Engineering,4010
Software Engineering,4011
Software Engineering,4012
Software Engineering,4013
Software Engineering,4014
Software Engineering,4015
Admin Offices,4016
Admin Offices,4017
Admin Offices,4018
Software Engineering,4019
Software Engineering,4020
Software Engineering,4021
Software Engineering,4022
Software Engineering,4023
Software Engineering,4024
Admin Offices,4025
Admin Offices,4026
Admin Offices,4027
Software Engineering,4028
Software Engineering,4029
Software Engineering,4030
Software Engineering,4031
Software Engineering,4032
Software Engineering,4033
Software Engineering,4034
Admin Offices,4035
Admin Offices,4036
Software Engineering,4037
Software Engineering,4038
Software Engineering,4039
Software Engineering,4040
Software Engineering,4041
Software Engineering,4042
Software Engineering,4043
Software Engineering,4044
Admin Offices,4045
Software Engineering,4046
Software Engineering,4047
Software Engineering,4048
Software Engineering,4049
Software Engineering,4050
Software Engineering,4051
Software Engineering,4052
Software Engineering,4053
Software Engineering,4054
Software Engineering,4055
Software Engineering,4056
Software Engineering,4057
Software Engineering,4058
Software Engineering,4059
Software Engineering,4060
Software Engineering,4061
Software Engineering,4062
Software Engineering,4063
Software Engineering,4064
Software Engineering,4065
Software Engineering,4066
Software Engineering,4067
Software Engineering,4068
Software Engineering,4069
Software Engineering,4070
Software Engineering,4071
Software Engineering,4072
Software Engineering,4073
Software Engineering,4074
Software Engineering,4075
Software Engineering,4076
Software Engineering,4077
Software Engineering,4078
Software Engineering,4079
Software Engineering,4080
Software Engineering,4081
Software Engineering,4082
Software Engineering,4083
Software Engineering,4084
Software Engineering,4085
Software Engineering,4086
Software Engineering,4087
Software Engineering,4088
Software Engineering,4089
Software Engineering,4090
Production,4091
Production,4092
Production,4093
Production,4094
Production,4095
Production,4096
Production,4097
Production,4098
Production,4099
Production,4100
Production,4101
Production,4102
Production,4103
Production,4104
Production,4105
Production,4106
Production,4107
Production,4108
Production,4109
Production,4110
Production,4111
Production,4112
Production,4113
Production,4114
Production,4115
Production,4116
Production,4117
Production,4118
Production,4119
Production,4120
Production,4121
Production,4122
Production,4123
Production,4124
Production,4125
Production,4126
Production,4127
Production,4128
Production,4129
Production,4130
Production,4131
Production,4132
Production,4133
Production,4134
Production,4135
Production,4136
Production,4137
Production,4138
Production,4139
Production,4140
Production,4141
Production,4142
Production,4143
Production,4144
Production,4145
Production,4146
Production,4147
Production,4148
Production,4149
Production,4150
Production,4151
Production,4152
Production,4153
Production,4154
Production,4155
Production,4156
Production,4157
Production,4158
Production,4159
Production,4160
Production,4161
Production,4162
Production,4163
Production,4164
Production,4165
Production,4166
Production,4167
Production,4168
Production,4169
Production,4170
Production,4171
Production,4172
Production,4173
Production,4174
Production,4175
Production,4176
Production,4177
Production,4178
Production,4179
Production,4180
Production,4181
Production,4182
Production,4183
Production,4184
Production,4185
Production,4186
Production,4187
Production,4188
Production,4189
Production,4190
Production,4191
Production,4192
Production,4193
Production,4194
Production,4195
Production,4196
Production,4197
Production,4198
Production,4199
Production,4200
Production,4201
Production,4202
Production,4203
Production,4204
Production,4205
Production,4206
Production,4207
Production,4208
Production,4209
Production,4210
Production,4211
Production,4212
Production,4213
Production,4214
Production,4215
Production,4216
Production,4217
Production,4218
Production,4219
Production,4220
Production,4221
Production,4222
Production,4223
Production,4224
Production,4225
Production,4226
Production,4227
Production,4228
Production,4229
Production,4230
Production,4231
Production,4232
Production,4233
Production,4234
Production,4235
Production,4236
Production,4237
Production,4238
Production,4239
Production,4240
Production,4241
Production,4242
Production,4243
Production,4244
Production,4245
Production,4246
Production,4247
Production,4248
Production,4249
Production,4250
Production,4251
Production,4252
Production,4253
Production,4254
Production,4255
Production,4256
Production,4257
Production,4258
Production,4259
Production,4260
Production,4261
Production,4262
Production,4263
Production,4264
Production,4265
Production,4266
Production,4267
Production,4268
Production,4269
Production,4270
Production,4271
Production,4272
Production,4273
Production,4274
Production,4275
Production,4276
Production,4277
Production,4278
Production,4279
Production,4280
Production,4281
Production,4282
Production,4283
Production,4284
Production,4285
Production,4286
Production,4287
Production,4288
Production,4289
Production,4290
Production,4291
Production,4292
Production,4293
Production,4294
Production,4295
Production,4296
Production,4297
Production,4298
Production,4299
Production,4300
Production,4301
Production,4302
Production,4303
Production,4304
Production,4305
Production,4306
Production,4307
Production,4308
Production,4309
Production,4310
Production,4311
Production,4312
Production,4313
Production,4314
Admin Offices,4315
Executive Office,4316
Admin Offices,4317
Admin Offices,4318
Admin Offices,4319
Admin Offices,4320
Admin Offices,4321
Admin Offices,4322
Admin Offices,4323
Admin Offices,4324
Admin Offices,4325
Admin Offices,4326
Admin Offices,4327
IT/IS,4328
Software Engineering,4329
Admin Offices,4330
Admin Offices,4331
Admin Offices,4332
IT/IS,4333
IT/IS,4334
Software Engineering,4335
Admin Offices,4336
Admin Offices,4337
Admin Offices,4338
IT/IS,4339
IT/IS,4340
Software Engineering,4341
Admin Offices,4342
Admin Offices,4343
Admin Offices,4344
Admin Offices,4345
IT/IS,4346
IT/IS,4347
Software Engineering,4348
Admin Offices,4349
Admin Offices,4350
Admin Offices,4351
Admin Offices,4352
IT/IS,4353
Software Engineering,4354
Admin Offices,4355
Admin Offices,4356
Admin Offices,4357
Admin Offices,4358
Admin Offices,4359
IT/IS,4360
Admin Offices,4361
Admin Offices,4362
Admin Offices,4363
Admin Offices,4364
Admin Offices,4365
IT/IS,4366
IT/IS,4367
Admin Offices,4368
Sales,4369
Admin Offices,4370
Admin Offices,4371
Admin Offices,4372
Admin Offices,4373
IT/IS,4374
Admin Offices,4375
Sales,4376
Admin Offices,4377
Admin Offices,4378
Admin Offices,4379
Admin Offices,4380
IT/IS,4381
Admin Offices,4382
Admin Offices,4383
Admin Offices,4384
Admin Offices,4385
Admin Offices,4386
Admin Offices,4387
Admin Offices,4388
Production,4389
Production,4390
Production,4391
Production,4392
Production,4393
Production,4394
Production,4395
Production,4396
Production,4397
Production,4398
Production,4399
Production,4400
Production,4401
Production,4402
Production,4403
Production,4404
Production,4405
Production,4406
Production,4407
Production,4408
Production,4409
Production,4410
Production,4411
Production,4412
Production,4413
Production,4414
Production,4415
Production,4416
Production,4417
Production,4418
Production,4419
Production,4420
Production,4421
Production,4422
Production,4423
Production,4424
Production,4425
Production,4426
Production,4427
Production,4428
Production,4429
Production,4430
Production,4431
Production,4432
Production,4433
Production,4434
Production,4435
Production,4436
Production,4437
Production,4438
Production,4439
Production,4440
Production,4441
Production,4442
Production,4443
Production,4444
Production,4445
Production,4446
Production,4447
Production,4448
Production,4449
Production,4450
Production,4451
Production,4452
Production,4453
Production,4454
Production,4455
Production,4456
Production,4457
Production,4458
Production,4459
Production,4460
Production,4461
Production,4462
Production,4463
Production,4464
Production,4465
Production,4466
Production,4467
Production,4468
Production,4469
Production,4470
Production,4471
Production,4472
Production,4473
Production,4474
Production,4475
Production,4476
Production,4477
Production,4478
Production,4479
Production,4480
Production,4481
Production,4482
Production,4483
Production,4484
Production,4485
Production,4486
Production,4487
Production,4488
Production,4489
Production,4490
Production,4491
Production,4492
Production,4493
Production,4494
Production,4495
Production,4496
Production,4497
Production,4498
Production,4499
Production,4500
Production,4501
Production,4502
Production,4503
Production,4504
Production,4505
Production,4506
Production,4507
Production,4508
Production,4509
Production,4510
Production,4511
Production,4512
Production,4513
Production,4514
Production,4515
Production,4516
Production,4517
Production,4518
Production,4519
Production,4520
Production,4521
Production,4522
Production,4523
Production,4524
Production,4525
Production,4526
Production,4527
Production,4528
Production,4529
Production,4530
Production,4531
Production,4532
Production,4533
Production,4534
Production,4535
Production,4536
Production,4537
Production,4538
Production,4539
Production,4540
Production,4541
Production,4542
Production,4543
Production,4544
Production,4545
Production,4546
Production,4547
Production,4548
Production,4549
Production,4550
Production,4551
Production,4552
Production,4553
Production,4554
Production,4555
Production,4556
Production,4557
Production,4558
Production,4559
Production,4560
Production,4561
Production,4562
Production,4563
Production,4564
Production,4565
Production,4566
Production,4567
Production,4568
Production,4569
Production,4570
Production,4571
Production,4572
Production,4573
Production,4574
Production,4575
Production,4576
Production,4577
Production,4578
Production,4579
Production,4580
Production,4581
Production,4582
Production,4583
Production,4584
Production,4585
Production,4586
Production,4587
Production,4588
Production,4589
Production,4590
Production,4591
Production,4592
Production,4593
Production,4594
Production,4595
Production,4596
Production,4597
Production,4598
Production,4599
Production,4600
Production,4601
Production,4602
Production,4603
Production,4604
Production,4605
Production,4606
Production,4607
Production,4608
Production,4609
Production,4610
Production,4611
Production,4612
Production,4613
Production,4614
Production,4615
Production,4616
Production,4617
Production,4618
Production,4619
Production,4620
IT/IS,4621
IT/IS,4622
IT/IS,4623
IT/IS,4624
IT/IS,4625
IT/IS,4626
IT/IS,4627
IT/IS,4628
IT/IS,4629
IT/IS,4630
IT/IS,4631
IT/IS,4632
IT/IS,4633
IT/IS,4634
IT/IS,4635
Admin Offices,4636
Admin Offices,4637
Sales,4638
IT/IS,4639
IT/IS,4640
IT/IS,4641
IT/IS,4642
IT/IS,4643
IT/IS,4644
IT/IS,4645
Admin Offices,4646
IT/IS,4647
Sales,4648
IT/IS,4649
IT/IS,4650
IT/IS,4651
IT/IS,4652
IT/IS,4653
IT/IS,4654
IT/IS,4655
Admin Offices,4656
IT/IS,4657
IT/IS,4658
Sales,4659
IT/IS,4660
IT/IS,4661
IT/IS,4662
IT/IS,4663
IT/IS,4664
IT/IS,4665
IT/IS,4666
Admin Offices,4667
Admin Offices,4668
IT/IS,4669
IT/IS,4670
Sales,4671
IT/IS,4672
IT/IS,4673
IT/IS,4674
IT/IS,4675
IT/IS,4676
IT/IS,4677
Admin Offices,4678
Admin Offices,4679
IT/IS,4680
IT/IS,4681
IT/IS,4682
Sales,4683
IT/IS,4684
IT/IS,4685
IT/IS,4686
IT/IS,4687
IT/IS,4688
Admin Offices,4689
Admin Offices,4690
IT/IS,4691
IT/IS,4692
IT/IS,4693
IT/IS,4694
IT/IS,4695
IT/IS,4696
IT/IS,4697
IT/IS,4698
Admin Offices,4699
IT/IS,4700
IT/IS,4701
IT/IS,4702
Sales,4703
IT/IS,4704
IT/IS,4705
IT/IS,4706
IT/IS,4707
IT/IS,4708
IT/IS,4709
Admin Offices,4710
IT/IS,4711
IT/IS,4712
IT/IS,4713
Sales,4714
IT/IS,4715
IT/IS,4716
IT/IS,4717
IT/IS,4718
IT/IS,4719
IT/IS,4720
IT/IS,4721
IT/IS,4722
Sales,4723
IT/IS,4724
IT/IS,4725
IT/IS,4726
IT/IS,4727
Production,4728
Production,4729
Production,4730
Production,4731
Production,4732
Production,4733
Production,4734
Production,4735
Production,4736
Production,4737
Production,4738
Production,4739
Production,4740
Production,4741
Production,4742
Production,4743
Production,4744
Production,4745
Production,4746
Production,4747
Production,4748
Production,4749
Production,4750
Production,4751
Production,4752
Production,4753
Production,4754
Production,4755
Production,4756
Production,4757
Production,4758
Production,4759
Production,4760
Production,4761
Production,4762
Production,4763
Production,4764
Production,4765
Production,4766
Production,4767
Production,4768
Production,4769
Production,4770
Production,4771
Production,4772
Production,4773
Production,4774
Production,4775
Production,4776
Production,4777
Production,4778
Production,4779
Production,4780
Production,4781
Production,4782
Production,4783
Production,4784
Production,4785
Production,4786
Production,4787
Production,4788
Production,4789
Production,4790
Production,4791
Production,4792
Production,4793
Production,4794
Production,4795
Production,4796
Production,4797
Production,4798
Production,4799
Production,4800
Production,4801
Production,4802
Production,4803
Production,4804
Production,4805
Production,4806
Production,4807
Production,4808
Production,4809
Production,4810
Production,4811
Production,4812
Production,4813
Production,4814
Production,4815
Production,4816
Production,4817
Production,4818
Production,4819
Production,4820
Production,4821
Production,4822
Production,4823
Production,4824
Production,4825
Production,4826
Production,4827
Production,4828
Production,4829
Production,4830
Production,4831
Production,4832
Production,4833
Production,4834
Production,4835
Production,4836
Production,4837
Production,4838
Production,4839
Production,4840
Production,4841
Production,4842
Production,4843
Production,4844
Production,4845
Production,4846
Production,4847
Production,4848
Production,4849
Production,4850
Production,4851
Production,4852
Production,4853
Production,4854
Production,4855
Production,4856
Production,4857
Production,4858
Production,4859
Production,4860
Production,4861
Production,4862
Production,4863
Production,4864
Production,4865
Production,4866
Production,4867
Production,4868
Production,4869
Production,4870
Production,4871
Production,4872
Production,4873
Production,4874
Production,4875
Production,4876
Production,4877
Production,4878
Production,4879
Production,4880
Production,4881
Production,4882
Production,4883
Production,4884
Production,4885
